entry,title,company,source_url,http_status,verification
1,AI / GenAI Software Engineer (Junior / Associate),Marktine Technology Solutions Pvt Ltd,https://in.linkedin.com/jobs/view/ai-genai-software-engineer-junior-associate-at-marktine-technology-solutions-pvt-ltd-4475370466,200,Readable; manually compare qualifications
2,Software Engineer II,Mastercard,https://jooble.org/jdp/-275268680456328551,403,Blocked; not verified
3,Software Engineer II,Mastercard,https://jooble.org/jdp/-1755600883117429668,403,Blocked; not verified
4,Java Software Engineer,Talentgigs,https://in.linkedin.com/jobs/view/java-software-engineer-at-talentgigs-4473889963,200,Readable; manually compare qualifications
5,Junior Software Developer - .NET Core / C#,ProductSpace Software India Pvt. Ltd.,https://in.linkedin.com/jobs/view/junior-software-developer-net-core-c%23-at-productspace-software-india-pvt-ltd-4475360968,200,Readable; manually compare qualifications
6,Software Engineer : Workday Integration Tech Dev,GC Technologies Pvt Ltd,https://in.linkedin.com/jobs/view/software-engineer-workday-integration-tech-dev-at-gc-technologies-pvt-ltd-4475360964,200,Readable; manually compare qualifications
7,Software Engineer :  SAP EWM / MM / WM Consultant,GC Technologies Pvt Ltd,https://in.linkedin.com/jobs/view/software-engineer-sap-ewm-mm-wm-consultant-at-gc-technologies-pvt-ltd-4475381089,429,Blocked; not verified
8,Software Engineer II,Mastercard,https://jooble.org/jdp/-1370527566048015254,403,Blocked; not verified
9,Job Title Software Engineer II,Mastercard,https://jooble.org/jdp/-2326563639655640161,403,Blocked; not verified
10,Software Engineer I,Mastercard,https://jooble.org/jdp/-3375813735939834887,403,Blocked; not verified
11,Software Engineer II,Mastercard,https://jooble.org/jdp/-4225714341844048565,403,Blocked; not verified
12,"Sr Associate, Specialist, L2 Application Support Engineer, Project Management, Technology and Operations",DBS Bank Ltd,https://jooble.org/jdp/-6407597059168012673,403,Blocked; not verified
13,Software Engineer II,Mastercard,https://jooble.org/jdp/-7032053146177130116,403,Blocked; not verified
14,Software Engineer II,Mastercard,https://jooble.org/jdp/-7503944257922789280,403,Blocked; not verified
15,Software Engineer II,Mastercard,https://jooble.org/jdp/-8160931133018327253,403,Blocked; not verified
16,Software Engineer - Java/APIGateway(Apigee),Dish,https://jooble.org/jdp/-8701849741872068439,403,Blocked; not verified
17,Software Engineer I,Mastercard,https://jooble.org/jdp/119168846492490971,403,Blocked; not verified
18,Software Engineer - 1,Mastercard,https://jooble.org/jdp/1432193335569585688,403,Blocked; not verified
19,"Software Engineer, Labor Planning & Forecasting",Legion,https://jooble.org/jdp/1693514848155116087,403,Blocked; not verified
20,Software Engineer II,Mastercard,https://jooble.org/jdp/4377815808757344358,403,Blocked; not verified
21,AI Engineer,Mastercard,https://jooble.org/jdp/4815746603521188114,403,Blocked; not verified
22,Software Engineer II,Mastercard,https://jooble.org/jdp/5405013213536893173,403,Blocked; not verified
23,Software Engineer II,Ping Identity,https://jooble.org/jdp/595397740252032731,403,Blocked; not verified
24,Software Engineer II,Ping Identity,https://jooble.org/jdp/6851375135340912004,403,Blocked; not verified
25,Software Engineer II,Mastercard,https://jooble.org/jdp/7751387694384266371,403,Blocked; not verified
26,Software Engineer - Java Spring Boot,Mastercard,https://jooble.org/jdp/801854090650947678,403,Blocked; not verified
27,Software Engineer :  Python Full Stack Developer,GC Technologies Pvt Ltd,https://in.linkedin.com/jobs/view/software-engineer-python-full-stack-developer-at-gc-technologies-pvt-ltd-4475363886,200,Readable; manually compare qualifications
28,Software Engineer - Intern (Frontend),Merkle Science,https://jooble.org/jdp/-5081269837883845587,403,Blocked; not verified
29,Software Engineer(Intern)- Backend,Merkle Science,https://jooble.org/jdp/2018530323682138700,403,Blocked; not verified
30,"Associate/Senior Associate, Application Developer(ReactJS Frontend Developer), Consumer Banking Group Technology",DBS Bank Ltd,https://jooble.org/jdp/-13901078530634675,403,Blocked; not verified
31,Software Engineer II (Java Full Stack Developer),Mastercard,https://jooble.org/jdp/-2795324050027355370,403,Blocked; not verified
32,"Associate/Senior Associate, Application Developer(Java Backend), Consumer Banking Group Technology.",DBS Bank Ltd,https://jooble.org/jdp/-8267810394167984723,403,Blocked; not verified
33,Software Engineer II - Integrations & API Connectivity,Mastercard,https://jooble.org/jdp/5758045384317018253,403,Blocked; not verified
34,Platform Engineer II,Mastercard,https://jooble.org/jdp/807431599157852982,403,Blocked; not verified
35,HCL Commerce Developer,BlueSky Commerce,https://jooble.org/jdp/-5399851793888792971,403,Blocked; not verified
